<!-- Chip 'n Dale Rescue Rangers (U) [!] -->
<Config>
    <pallete     begin='0x1C354' count='32' size="16"/>
    <videoBack   begin='0x30010' count='8'  size="0x1000"/>
    <videoObj    begin='0x20010' count='8'  size="0x1000"/>
    <bigBlocks   begin='0x36F0'  count='8'  size="0x4000"/>
    <blocks      begin='0x3AF0'  count='8'  size="0x4000"/>
    <screens     begin='0x10'    count='300'  size="0x40"/>
    <ChipAndDale>
        <LevelRecOffset>
            <LevelRecBaseOffset addr='0x1E201'/>
            <LevelRecDirOffset  addr='0x10239'/>
            <LayoutPtrAdd addr='0x10010'/>
            <ScrollPtrAdd addr='0x10010'/>
            <DirPtrAdd addr='0x8010'/>
        </LevelRecOffset>
        <DoorRecOffset>
            <DoorRecBaseOffset addr='0x1E673'/>
        </DoorRecOffset>
        <boxesBacks begin='0x1E909'    count='11'  size="16"/>
    </ChipAndDale>
</Config>